sentence1,sentence2,label
"Использовать NoSQL базы данных","Работа с MongoDB, Redis, Cassandra для неструктурированных данных",0.8
"Знание основ электротехники и электроники","Умение читать электрические схемы",0.9
"Изучение принципов работы компьютерных сетей","Опыт администрирования Cisco-сетей",0.7
"Математическое моделирование процессов","Навыки анализа данных в MATLAB",0.8
"Основы программирования на C++","Опыт разработки embedded-систем",0.8
"Теория автоматического управления","Знание SCADA-систем",0.7
"Инженерная графика и черчение","Умение работать в AutoCAD",0.9
"Цифровая обработка сигналов","Опыт работы с DSP-процессорами",0.8
"Физика полупроводников","Понимание принципов работы транзисторов",0.9
"Базы данных и SQL","Опыт работы с PostgreSQL",0.8
"Теоретическая механика","Создание контента для социальных сетей",0.0
"Математический анализ","Управление командой продаж",0.0
"Физика полупроводников","Опыт работы с CRM-системами",0.1
"Электротехника и электроника","Разработка стратегии продвижения",0.1
"Теория автоматического управления","Навыки копирайтинга",0.1
"Численные методы","Знание основ маркетинга",0.1
"Материаловедение","Умение работать с таблицами Excel",0.1
"Цифровая обработка сигналов","Навыки холодных звонков",0.1
"Теплотехника","Знание основ психологии общения",0.1
"Гидравлика","Участие в переговорах с клиентами",0.1
"Сопротивление материалов","Написание новостных статей",0.1
"Основы программирования на C++","Управление проектами в Jira",0.1
"Квантовая механика","Работа с базами данных клиентов",0.1
"Теория вероятностей","Создание презентаций для руководства",0.1
"Электромагнетизм","Опыт работы с графическими редакторами",0.1
"Строительная механика","Навыки ведения деловой переписки",0.1
"Аэродинамика","Организация корпоративных тренингов",0.1
"Термодинамика","Знание основ бухгалтерского учета",0.1
"Дифференциальные уравнения","Умение работать с документооборотом",0.1
"Программирование на Python","Опыт работы с SQL-запросами",0.3
"Теория вероятностей","Анализ данных в Excel",0.2
"Электротехника и электроника","Знание основ автоматизации процессов",0.3
"Цифровая обработка сигналов","Опыт работы с аудио- или видеоданными",0.6
"Инженерная графика","Работа с 3D-моделированием в Blender",0.5
"Основы программирования на C++","Навыки разработки на Java",0.5
"Математическое моделирование","Умение работать с бизнес-аналитикой",0.5
"Теплотехника","Проектирование систем кондиционирования",0.5
"Сопротивление материалов","Опыт расчета нагрузок в строительстве",0.5
"Теория автоматического управления","Знание принципов IoT",0.5
"Физика полупроводников","Понимание принципов работы FPGA",0.5
"Численные методы","Оптимизация алгоритмов в MATLAB",0.5
"Гидравлика","Проектирование трубопроводных систем",0.5
"Материаловедение","Опыт работы с композитными материалами",0.5
"Теория информации","Разработка протоколов передачи данных",0.5
"Строительная механика","Опыт работы с САПР для строительства",0.5
"Дифференциальные уравнения","Моделирование динамических систем",0.5
"Квантовая механика","Опыт работы с квантовыми вычислениями",0.5
"Электромагнетизм","Понимание принципов работы радиочастотных систем",0.5
"Аэродинамика","Оптимизация конструкций летательных аппаратов",0.5
"Курс предназначен для начинающих программистов.","Программа ориентирована на продвинутых специалистов.",0.3
"Требуется инженер-программист со знанием Python.","Ищем разработчика с опытом работы в Python.",0.8
"Необходим специалист по машинному обучению.","Требуется эксперт в области анализа данных.",0.6
"Вакансия: преподаватель информатики.","Ищем учителя программирования для школы.",0.7
"Требуется опытный Java-разработчик.","Ищем junior-программиста на Java.",0.3
"Необходим специалист по кибербезопасности.","Требуется администратор баз данных.",0.3
"Программа обучения включает изучение алгоритмов.","Курс рассчитан на студентов, интересующихся искусственным интеллектом.",0.6
"Кандидат должен иметь высшее техническое образование.","Принимаем на работу студентам последних курсов.",0.5
"Обязательно знание SQL.","Опыт работы с базами данных приветствуется.",0.8
"Требуется разработчик мобильных приложений.","Ищем дизайнера пользовательских интерфейсов.",0.2
"Курс предназначен для начинающих программистов.","Программа ориентирована на продвинутых специалистов.",0.3
"Использовать информационно-коммуникационные технологии в профессиональной деятельности","Настраивать и поддерживать работу CRM-систем для учета пациентов",0.8
"Соблюдать правила использования аппаратуры, оборудования и изделий медицинского назначения в ходе лечебно-диагностического процесса","Проводить тестирование и контроль качества программного обеспечения",0.1
"Способен осуществлять социальное взаимодействие и реализовывать свою роль в команде","Участвовать в планировании и реализации IT-проектов в составе команды разработчиков",0.8
"Способен разрабатывать алгоритмы и программы, пригодные для практического применения","Требуется разработка ПО для анализа данных",0.8
"Оказывать доврачебную помощь при неотложных состояниях","Обеспечивать техподдержку оборудования",0.0
"Использовать ИКТ в профессиональной деятельности","Настраивать CRM-системы",0.3
"Соблюдать правила использования медоборудования","Тестировать ПО",0.0
"Взаимодействовать с командой","Участвовать в IT-проектах в команде",0.9
"Проводить санитарно-гигиеническое воспитание","Разрабатывать мобильные приложения",0.0
"Осуществлять лечебно-диагностические вмешательства","Администрировать серверы",0.0
"Применять медикаментозные средства","Оптимизировать базы данных",0.0
"Вести медицинскую документацию","Готовить техническую документацию",0.4
"Оказывать паллиативную помощь","Проводить тестирование интерфейсов",0.0
"Эффективно общаться с пациентом","Взаимодействовать с заказчиками проектов",0.4
"Соблюдать профессиональную этику","Следовать корпоративным стандартам",0.5
"Осуществлять уход за пациентами","Обслуживать серверное оборудование",0.0
"Консультировать по уходу и самоуходу","Консультировать по использованию ПО",0.5
"Оформлять медицинскую документацию","Автоматизировать документооборот",0.4
"Соблюдать санитарный режим","Обеспечивать кибербезопасность",0.1
"Понимать значимость профессии","Анализировать рынок IT-услуг",0.0
"Принимать решения в нестандартных ситуациях","Решать инциденты в IT-системах",0.7
"Использовать ИКТ","Разрабатывать веб-приложения",0.6
"Работать в команде","Координировать разработчиков",0.7
"Заниматься самообразованием","Изучать новые технологии",0.9
"Ориентироваться в смене технологий","Поддерживать legacy-системы",0.1
"Бережно относиться к традициям","Разрабатывать AI-решения",0.0
"Организовывать рабочее место","Настраивать CI/CD процессы",0.0
"Вести здоровый образ жизни","Оптимизировать рабочие процессы",0.0
"Анализировать и синтезировать информацию","Проводить анализ требований",0.6
"Определять задачи в рамках цели","Ставить задачи команде разработчиков",0.7
"Осуществлять коммуникацию на русском","Вести переписку с клиентами",0.8
"Учитывать мультикультурность","Адаптировать ПО под рынки",0.5
"Управлять своим временем","Планировать спринты в проектах",0.7
"Способен разрабатывать алгоритмы и программы","Писать код для backend-систем",0.5
"Использовать ИКТ в профессиональной деятельности","Настраивать облачные сервисы",0.4
"Осуществлять поиск и анализ информации","Изучать технические требования",0.8
"Принимать решения в нестандартных ситуациях","Устранять сбои в IT-системах",0.7
"Работать в команде","Координировать разработку ПО",0.6
"Способен инсталлировать ПО и оборудование","Устанавливать серверное ПО",0.9
"Анализировать организационно-технические процессы","Оптимизировать DevOps-процессы",0.4
"Разрабатывать техническую документацию","Писать спецификации для API",0.7
"Осуществлять программирование и тестирование","Проводить юнит-тесты",0.9
"Управлять проектами создания ИС","Вести проекты по Scrum",0.8
"Понимать принципы работы IT-технологий","Настраивать микросервисы",0.2
"Заниматься самообразованием","Изучать новые фреймворки",0.9
"Ориентироваться в смене технологий","Мигрировать системы на новые платформы",0.3
"Применять методы математического анализа","Моделировать данные в Python",0.6
"Организовывать собственную деятельность","Планировать задачи в Jira",0.7
"Соблюдать требования информационной безопасности","Настраивать шифрование данных",0.5
"Способен анализировать рынок IT-услуг","Исследовать тренды технологий",0.5
"Взаимодействовать с проектными группами","Обсуждать задачи с аналитиками",0.8
"Применять системный подход","Проектировать архитектуру ПО",0.8
"Осуществлять коммуникацию на русском","Вести техподдержку пользователей",0.4
"Управлять своим временем","Соблюдать дедлайны проектов",0.8
"Способен разрабатывать алгоритмы","Оптимизировать SQL-запросы",0.5
"Использовать ИКТ","Автоматизировать тестирование",0.4
"Понимать принципы инклюзии","Адаптировать интерфейсы для доступности",0.2
"Принимать экономические решения","Оценивать стоимость разработки",0.5
"Способен участвовать в разработке стандартов","Создавать код-ревью гайдлайны",0.4
"Анализировать и синтезировать информацию","Собирать требования к ПО",0.9
"Осуществлять тестирование ИС","Проверять качество релизов",0.8
"Способен планировать проектные цели","Определять этапы разработки",0.7
"Осуществляет поиск информации, необходимой для решения задачи","Собирать данные для анализа требований",1.0
"Проводит критический анализ различных источников информации","Проверять качество технической документации",0.7
"Выявляет соотношение части и целого в системе","Проектировать архитектуру микросервисов",0.4
"Синтезирует новое содержание и рефлексивн","Разрабатывать новые функции ПО",0.3
"Формулирует взаимосвязанные задачи для достижения цели","Ставить задачи команде разработчиков",0.6
"Проектирует решение задачи с учетом норм и ресурсов","Оптимизировать код в рамках бюджета",0.5
"Решает задачи за установленное время","Соблюдать сроки релиза ПО",0.9
"Определяет свою роль в команде","Координировать работу тестировщиков",0.3
"Учитывает ролевые позиции участников","Согласовывать задачи с аналитиками",0.7
"Понимает принципы групповой динамики","Проводить ретроспективы",0.0
"Осуществляет коммуникацию на русском с ИКТ","Вести переписку в Slack",0.9
"Осуществляет коммуникацию на иностранном языке","Общаться с зарубежными клиентами",0.8
"Учитывает мультикультурность при взаимодействии","Адаптировать ПО для разных регионов",0.4
"Планирует цели с учетом ограничений","Определять roadmap проекта",0.8
"Поддерживает физическую подготовленность","Оптимизировать рабочий график",0.1
"Обеспечивает безопасность жизнедеятельности","Внедрять защиту от кибератак",0.0
"Выбирает стратегию коммуникации с учетом инклюзии","Тестировать доступность интерфейсов",0.0
"Применяет методы финансового планирования","Оценивать бюджет разработки",0.7
"Выявляет признаки коррупции","Контролировать лицензии ПО",0.1
"Использует естественнонаучные знания","Моделировать данные в Python",0.0
"Учитывает информационную безопасность","Шифровать данные",0.6
"Разрабатывает техническую документацию","Писать API-спецификации",0.8
"Инсталлирует ПО и оборудование","Разворачивать Docker-контейнеры",1.0
"Проводит системный анализ","Анализировать требования к ПО",0.8
"Разрабатывает алгоритмы и программы","Оптимизировать SQL-запросы",0.9
"Обладает знаниями управления проектами","Вести проекты по Agile",0.8
"Оптимизировать производительность","Анализ и улучшение скорости работы программ на низком уровне",1.0
"Кодирует и тестирует ИС","Проводить юнит-тесты",0.9
"Контролирует план работы","Следить за дедлайнами релизов",0.8
"Способен применять естественнонаучные и общеинженерные знания","Моделировать данные для AI-систем",0.7
"Способен понимать принципы работы IT-технологий","Настраивать серверы на Linux",0.1
"Способен решать задачи с применением ИКТ","Автоматизировать тестирование ПО",0.6
"Способен участвовать в разработке стандартов","Писать гайдлайны для кода",0.7
"Способен инсталлировать ПО и оборудование","Устанавливать сетевые маршрутизаторы",0.9
"Способен разрабатывать бизнес-планы на оснащение","Оценивать затраты на серверы",0.7
"Способен разрабатывать алгоритмы и программы","Писать скрипты на Python",0.8
"Способен осваивать методики использования ПО","Изучать инструменты DevOps",0.8
"Способен заниматься разработкой ПО","Кодировать backend-приложения",1.0
"Способен осуществлять поиск и анализ информации","Собирать требования к проекту",0.8
"Способен определять задачи и способы их решения","Планировать этапы разработки",0.6
"Способен осуществлять социальное взаимодействие","Работать в Scrum-команде",0.5
"Способен осуществлять деловую коммуникацию","Вести переписку с клиентами",0.8
"Способен воспринимать межкультурное разнообразие","Адаптировать ПО для рынков",0.6
"Способен управлять своим временем","Соблюдать дедлайны спринтов",0.9
"Способен поддерживать физическую подготовленность","Оптимизировать рабочий график",0.0
"Способен формировать нетерпимость к коррупции","Контролировать закупки ПО",0.0
"Способен применять методы моделирования","Анализировать производительность БД",0.4
"Способен понимать принципы работы ПО","Оптимизировать работу CRM",0.3
"Способен решать задачи с учетом безопасности","Шифровать сетевой трафик",0.5
"Способен разрабатывать техдокументацию","Создавать схемы архитектуры",0.8
"Способен разрабатывать алгоритмы","Реализовывать парсеры данных",0.5
"Способен осуществлять коммуникацию на иностранном языке","Общаться с техподдержкой вендоров",0.2
"Способен управлять траекторией саморазвития","Изучать новые фреймворки",0.6
"Выбирать способы решения задач профессиональной деятельности","Определять подход к разработке ПО",0.9
"Осуществлять поиск, анализ и интерпретацию информации","Собирать данные",0.8
"Планировать и реализовывать профессиональное развитие","Изучать новые дизайн-тренды",0.4
"Работать в коллективе и команде","Сотрудничать с разработчиками UI",0.4
"Осуществлять коммуникацию на государственном языке","Вести переговоры с клиентами",0.6
"Проявлять гражданско-патриотическую позицию","Продвигать локальные IT-продукты",0.5
"Содействовать сохранению окружающей среды","Оптимизировать энергопотребление ПО",0.3
"Использовать средства физической культуры","Поддерживать режим для продуктивности",0.3
"Использовать информационные технологии","Применять Figma для прототипов",0.5
"Пользоваться профессиональной документацией","Читать спецификации API",0.7
"Планировать предпринимательскую деятельность","Разрабатывать бизнес-план стартапа",0.8
"Осуществлять сбор и анализ данных для ТЗ","Анализировать требования к дизайну",0.7
"Определять выбор технических средств для макета","Выбирать софт для рендеринга",0.8
"Формировать готовое техническое задание","Составлять ТЗ для интерфейса",0.9
"Выполнять согласование с заказчиком","Утверждать макет с клиентом",1.0
"Планировать выполнение работ по макету","Ставить сроки для дизайна",0.7
"Определять потребности в оборудовании","Подбирать технику для печати",0.7
"Разрабатывать дизайн-макет на основе ТЗ","Создавать UI для приложения",0.5
"Осуществлять защиту дизайн-макета","Презентовать прототип заказчику",0.8
"Комплектация составляющих дизайн-макета","Собирать assets для продукта",0.5
"Выполнять настройку параметров печати","Калибровать цвета для вывода",0.9
"Оценивать соответствие требованиям качества","Проверять DPI макета",0.6
"Осуществлять сопровождение печати","Контролировать процесс публикации",0.6
"Анализировать тенденции в графическом дизайне","Изучать тренды UX/UI",0.8
"Проводить мастер-классы по технологиям дизайна","Обучать коллег работе в Adobe",0.7
"Разрабатывать предложения по новым технологиям","Внедрять AI в дизайн-процесс",0.8
"Выбирать способы решения задач","Оптимизировать рендеринг графики",0.2
"Планировать профессиональное развитие","Проходить курсы по 3D-дизайну",0.4
"Работать в команде","Координировать с backend-разработчиками",0.5
"Использовать IT в деятельности","Применять Blender для анимации",0.2
"Применение численных методов","Отсутствие опыта или знаний в области применения численных методов",0.0
"Разработка и проектирование программных систем","Опыт разработки backend-приложений на Python",0.8
"Знание основ электротехники и электроники","Умение читать электрические схемы",0.9
"Изучение принципов работы компьютерных сетей","Опыт администрирования Cisco-сетей",0.7
"Математическое моделирование процессов","Навыки анализа данных в MATLAB",0.8
"Основы программирования на C++","Опыт разработки embedded-систем",0.8
"Теория автоматического управления","Знание SCADA-систем",0.7
"Инженерная графика и черчение","Умение работать в AutoCAD",0.9
"Цифровая обработка сигналов","Опыт работы с DSP-процессорами",0.8
"Физика полупроводников","Понимание принципов работы транзисторов",0.9
"Базы данных и SQL","Опыт работы с PostgreSQL",0.8
"Теоретическая механика","Создание контента для социальных сетей",0.0
"Математический анализ","Управление командой продаж",0.0
"Физика полупроводников","Опыт работы с CRM-системами",0.1
"Электротехника и электроника","Разработка стратегии продвижения",0.1
"Теория автоматического управления","Навыки копирайтинга",0.1
"Численные методы","Знание основ маркетинга",0.1
"Инженерная графика","Организация мероприятий",0.1
"Материаловедение","Умение работать с таблицами Excel",0.1
"Цифровая обработка сигналов","Навыки холодных звонков",0.1
"Теплотехника","Знание основ психологии общения",0.1
"Гидравлика","Участие в переговорах с клиентами",0.1
"Сопротивление материалов","Написание новостных статей",0.1
"Основы программирования на C++","Управление проектами в Jira",0.1
"Квантовая механика","Работа с базами данных клиентов",0.1
"Теория вероятностей","Создание презентаций для руководства",0.1
"Электромагнетизм","Опыт работы с графическими редакторами",0.1
"Строительная механика","Навыки ведения деловой переписки",0.1
"Аэродинамика","Организация корпоративных тренингов",0.1
"Термодинамика","Знание основ бухгалтерского учета",0.1
"Дифференциальные уравнения","Умение работать с документооборотом",0.1
"Программирование на Python","Опыт работы с SQL-запросами",0.3
"Теория вероятностей","Анализ данных в Excel",0.2
"Электротехника и электроника","Знание основ автоматизации процессов",0.3
"Цифровая обработка сигналов","Опыт работы с аудио- или видеоданными",0.6
"Инженерная графика","Работа с 3D-моделированием в Blender",0.5
"Основы программирования на C++","Навыки разработки на Java",0.5
"Математическое моделирование","Умение работать с бизнес-аналитикой",0.5
"Теплотехника","Проектирование систем кондиционирования",0.5
"Сопротивление материалов","Опыт расчета нагрузок в строительстве",0.5
"Теория автоматического управления","Знание принципов IoT",0.5
"Физика полупроводников","Понимание принципов работы FPGA",0.5
"Численные методы","Оптимизация алгоритмов в MATLAB",0.5
"Гидравлика","Проектирование трубопроводных систем",0.5
"Материаловедение","Опыт работы с композитными материалами",0.5
"Теория информации","Разработка протоколов передачи данных",0.5
"Строительная механика","Опыт работы с САПР для строительства",0.5
"Дифференциальные уравнения","Моделирование динамических систем",0.5
"Квантовая механика","Опыт работы с квантовыми вычислениями",0.5
"Электромагнетизм","Понимание принципов работы радиочастотных систем",0.5
"Аэродинамика","Оптимизация конструкций летательных аппаратов",0.5
"Курс предназначен для начинающих программистов.","Программа ориентирована на продвинутых специалистов.",0.3
"Требуется инженер-программист со знанием Python.","Ищем разработчика с опытом работы в Python.",0.8
"Необходим специалист по машинному обучению.","Требуется эксперт в области анализа данных.",0.6
"Вакансия: преподаватель информатики.","Ищем учителя программирования для школы.",0.7
"Требуется опытный Java-разработчик.","Ищем junior-программиста на Java.",0.5
"Необходим специалист по кибербезопасности.","Требуется администратор баз данных.",0.3
"Программа обучения включает изучение алгоритмов.","Курс рассчитан на студентов, интересующихся искусственным интеллектом.",0.6
"Выявляет признаки коррупции","Контролировать лицензии ПО",0.1
"Использует естественнонаучные знания","Моделировать данные в Python",0.0
"Учитывает информационную безопасность","Шифровать данные",0.6
"Разрабатывает техническую документацию","Писать API-спецификации",0.8
"Инсталлирует ПО и оборудование","Разворачивать Docker-контейнеры",1.0
"Проводит системный анализ","Анализировать требования к ПО",0.8
"Разрабатывает алгоритмы и программы","Оптимизировать SQL-запросы",0.9
"Обладает знаниями управления проектами","Вести проекты по Agile",0.8
"Кодирует и тестирует ИС","Проводить юнит-тесты",0.9
"Контролирует план работы","Следить за дедлайнами релизов",0.8
"Разработать веб-приложение на React.","Создать интерфейс для управления данными.",0.4
"Настроить сервер базы данных MySQL.","Оптимизировать запросы для повышения скорости.",0.3
"Провести тестирование безопасности сети.","Проверить уязвимости веб-сервера.",0.4
"Интегрировать API платежной системы.","Настроить обработку транзакций на backend.",0.3
"Автоматизировать развертывание через Docker.","Установить CI/CD для релизов.",0.4
"Создать скрипт для мониторинга ресурсов.","Настроить логирование системных событий.",0.3
"Оптимизировать производительность приложения.","Ускорить загрузку страниц сайта.",0.4
"Разработать документацию для ПО.","Подготовить инструкции для пользователей.",0.3
"Настроить облачное хранилище в AWS.","Перенести данные в S3-бакет.",0.4
"Провести анализ логов сервера.","Выявить причины перегрузки системы.",0.3
"Разработать новый отчет в 1С.","Настроить интеграцию с внешним API.",0.0
"Оптимизировать запросы к базе данных 1С.","Создать пользовательский интерфейс для мобильного приложения.",0.0
"Автоматизировать учет складских операций.","Разработать модуль для анализа данных в Excel.",0.0
"Настроить обмен данными между 1С и CRM.","Обучить сотрудников работе с системой.",0.0
"Исправить ошибки в конфигурации 1С.","Разработать веб-сервис для онлайн-заказов.",0.0
"Обновить типовую конфигурацию 1С.","Провести тестирование безопасности сети.",0.0
"Создать обработку для массового ввода данных.","Настроить серверное оборудование для 1С.",0.0
"Разработать печатную форму документа.","Интегрировать 1С с системой электронного документооборота.",0.0
"Перенести данные из старой версии 1С.","Оптимизировать сайт компании на WordPress.",0.0
"Настроить права доступа в 1С.","Разработать алгоритм машинного обучения.",0.0
"Разработать архитектуру облачного сервиса.","Настроить маршрутизатор для локальной сети.",0.0
"Оптимизировать алгоритмы машинного обучения.","Создать рекламную кампанию для IT-продукта.",0.0
"Обеспечить кибербезопасность корпоративной сети.","Разработать дизайн интерфейса мобильного приложения.",0.0
"Автоматизировать тестирование программного обеспечения.","Установить серверное оборудование в дата-центре.",0.0
"Интегрировать CRM-систему с сайтом компании.","Провести аудит устаревшего кода на Python.",0.0
"Настроить CI/CD для ускорения релизов.","Обучить команду основам Agile-методологии.",0.0
"Разработать backend на Node.js.","Мониторить производительность базы данных.",0.0
"Создать чат-бота для техподдержки.","Проанализировать рынок IT-услуг.",0.0
"Внедрить систему управления проектами.","Обновить прошивку сетевых устройств.",0.0
"Оптимизировать фронтенд веб-приложения.","Разработать стратегию резервного копирования данных.",0.0
"Разработать систему управления IoT-устройствами.","Провести юзабилити-тестирование сайта.",0.0
"Настроить виртуализацию серверов.","Создать анимацию для рекламного ролика IT-компании.",0.0
"Оптимизировать работу микросервисов.","Разработать документацию для API.",0.0
"Внедрить систему мониторинга логов.","Провести тренинг по кибергигиене для сотрудников.",0.0
"Создать парсер данных с веб-страниц.","Обеспечить соответствие GDPR для приложения.",0.0
"Разработать блокчейн-решение для транзакций.","Настроить балансировку нагрузки на сервере.",0.0
"Автоматизировать развертывание контейнеров Docker.","Проанализировать тренды в IT-индустрии.",0.0
"Интегрировать платежную систему в приложение.","Обновить драйверы для периферийных устройств.",0.0
"Создать нейросеть для обработки изображений.","Организовать миграцию данных в облако.",0.0
"Разработать плагин для системы управления контентом.","Провести стресс-тестирование сетевой инфраструктуры.",0.0
"Проектировать масштабируемую архитектуру ПО.","Автоматизировать сбор логов ошибок.",0.0
"Оптимизировать производительность алгоритмов.","Разработать руководство пользователя для программы.",0.0
"Реализовать многопоточность в приложении.","Провести рефакторинг устаревшего кода.",0.0
"Создать модуль для обработки больших данных.","Настроить систему контроля версий.",0.0
"Разработать REST API для сервиса.","Интегрировать стороннюю библиотеку аутентификации.",0.0
"Обеспечить кроссплатформенную совместимость ПО.","Провести нагрузочное тестирование приложения.",0.0
"Внедрить паттерн проектирования MVC.","Сгенерировать тестовые данные для отладки.",0.0
"Разработать систему уведомлений в реальном времени.","Оптимизировать потребление памяти программы.",0.0
"Создать утилиту для парсинга JSON.","Проверить код на соответствие стандартам качества.",0.0
"Реализовать шифрование данных в приложении.","Настроить пайплайн для автоматической сборки.",0.0
"Проанализировать данные о трафике сайта.","Оценить конверсию рекламных каналов.",0.2
"Настроить скрипт для парсинга логов.","Провести фильтрацию данных по времени.",0.1
"Разработать дашборд с метриками продаж.","Подготовить таблицу с итогами за месяц.",0.2
"Провести статистический тест значимости.","Сравнить средние значения выборок.",0.1
"Оптимизировать загрузку данных в R.","Ускорить обработку запросов в PostgreSQL.",0.1
"Выявить сезонность в данных.","Построить график изменений за год.",0.2
"Создать модель кластеризации пользователей.","Разделить аудиторию по интересам.",0.1
"Оценить влияние факторов на прибыль.","Рассчитать коэффициенты корреляции.",0.2
"Настроить автоматический импорт CSV-файлов.","Проверить данные на дубликаты.",0.1
"Провести анализ удовлетворенности клиентов.","Собрать отзывы из анкет.",0.2
"Разработать модуль авторизации на PHP.","Реализовать вход через социальные сети.",0.2
"Оптимизировать алгоритм поиска в массиве.","Ускорить обработку запросов к серверу.",0.1
"Создать RESTful сервис на Java.","Настроить эндпоинты для клиентского приложения.",0.2
"Написать скрипт для парсинга HTML.","Извлечь данные из JSON-ответов.",0.1
"Реализовать адаптивный дизайн на CSS.","Обновить стили для мобильной версии.",0.2
"Провести ревью кода команды.","Проверить проект на баги.",0.1
"Интегрировать библиотеку для графиков.","Добавить визуализацию данных в интерфейс.",0.2
"Настроить автоматическую сборку через Gradle.","Оптимизировать зависимости в Maven.",0.1
"Разработать чат в реальном времени на WebSocket.","Реализовать уведомления через email.",0.1
"Создать функцию для валидации форм.","Проверить корректность ввода данных.",0.2
"Настроить VPN для удаленного доступа.","Обеспечить шифрование данных в сети.",0.2
"Разработать мобильное приложение на Flutter.","Оптимизировать backend на Django.",0.1
"Провести аудит безопасности сервера.","Обновить антивирусное ПО на рабочих станциях.",0.1
"Создать скрипт для автоматизации резервного копирования.","Настроить мониторинг дискового пространства.",0.2
"Интегрировать систему оплаты через Stripe.","Реализовать API для обработки транзакций.",0.2
"Обучить сотрудников основам SQL.","Разработать курс по Python для новичков.",0.1
"Настроить виртуальную машину в Azure.","Оптимизировать производительность AWS-инстанса.",0.1
"Создать чат-бота для поддержки пользователей.","Разработать базу знаний для FAQ.",0.2
"Провести тестирование нагрузки сайта.","Проанализировать лог-файлы сервера.",0.1
"Настроить кластер Hadoop для обработки данных.","Оптимизировать распределение задач в Spark.",0.1
"Разработать ETL-процесс для потоковых данных.","Создать конвейер обработки в Apache Kafka.",0.2
"Очистить большой набор данных от выбросов.","Провести нормализацию числовых значений.",0.1
"Реализовать модель машинного обучения в PySpark.","Визуализировать результаты в Databricks.",0.2
"Настроить хранилище данных в Snowflake.","Интегрировать данные из S3-бакета.",0.1
"Оптимизировать запросы к базе данных ClickHouse.","Ускорить агрегацию данных в Redshift.",0.2
"Создать скрипт для обработки логов в реальном времени.","Разработать дашборд для мониторинга потоков.",0.2
"Провести анализ больших данных с помощью Hive.","Извлечь выборку для тестирования гипотез.",0.1
"Настроить автоматическую загрузку данных в BigQuery.","Проверить целостность импортированных таблиц.",0.2
"Провести оценку рисков проекта.","Подготовить отчет о прогрессе для команды.",0.2
"Согласовать бюджет с заказчиком.","Определить ключевые этапы выполнения.",0.2
"Организовать ежедневные стендапы команды.","Обновить документацию по требованиям.",0.1
"Контролировать соблюдение сроков релиза.","Анализировать отклонения от графика.",0.2
"Распределить ресурсы между задачами.","Провести обучение по новым инструментам.",0.1
"Настроить систему отслеживания в Jira.","Создать шаблон для отчетности.",0.2
"Согласовать изменения в скоупе проекта.","Оценить влияние изменений на сроки.",0.2
"Провести ретроспективу после спринта.","Собрать обратную связь от стейкхолдеров.",0.1
"Разработать стратегию управления конфликтами.","Обеспечить коммуникацию между командами.",0.1
"Создать таблицу с данными в Excel.","Настроить автоматический расчет в ячейках.",0.2
"Настроить фильтры в таблице Excel.","Составить сводную таблицу для анализа.",0.2
"Подготовить шаблон письма в Outlook.","Организовать рассылку для группы контактов.",0.2
"Отформатировать отчет в Word.","Проверить текст на орфографию.",0.2
"Создать правило для сортировки писем в Outlook.","Настроить напоминания в календаре.",0.2
"Обеспечить резервное копирование данных.","Мониторить состояние дисков на сервере.",0.2
"Развернуть виртуальную машину в VMware.","Оптимизировать производительность Hyper-V.",0.2
"Настроить права доступа в Active Directory.","Создать учетные записи для новых пользователей.",0.2
"Интегрировать сервер с системой мониторинга.","Настроить уведомления о сбоях.",0.2
"Настроить автоматическое обновление ПО.","Провести инвентаризацию оборудования.",0.2
"Поддерживать работу системы","Устранение ошибок и обновление конфигурации",0.2
"Оптимизировать рабочие процессы","Внедрение изменений для повышения эффективности и снижения затрат",0.2
"Использует естественнонаучные знания","Моделировать данные в Python",0.2
"Необходим специалист по кибербезопасности.","Требуется администратор баз данных.",0.2
"Анализировать прошлые проекты","Изучение ошибок и успехов для улучшения управления рисками",0.2
"Готовить презентации на английском","Создание и представление контента для аудитории",0.2
"Формировать отчеты","Создание аналитических отчетов для руководства на основе данных 1С:ERP",0.2
"Обязательно знание SQL","Использование инструментов администрирования баз данных phpMyAdmin, pgAdmin",0.2
"Адаптировать интерфейсы под разные устройства","Создание адаптивных дизайнов для iPhone, iPad",0.2
"Оптимизировать набор тест-кейсов","Удаление дублирующих, ненужных тестов",0.2
"Критически оценивать свои действия","Рефлексия над собственными решениями и их последствиями",0.2
"Адаптировать идеи под ограничения","Нахождение баланса между креативностью и реальными условиями",0.2
"Сотрудничать с UX-дизайнерами","Координация работы над удобством и внешним видом интерфейса",0.2
"Учитывает ролевые позиции участников","Согласовывать задачи с аналитиками",0.2
"Необходим специалист по кибербезопасности.","Требуется администратор баз данных.",0.2
"Реагировать на инциденты","Устранение последствий утечек данных и восстановление системы",0.2
"Формулировать выводы","Подготовка отчетов и рекомендаций на основе анализа данных",0.2
"Документировать UX-решения","Фиксация выводов и рекомендаций по улучшению пользовательского опыта",0.2
"Использовать кластеризацию в машинном обучении","Подготовка данных для последующего анализа, обучения моделей",0.2
"Моделировать процессы","Создание математических и компьютерных моделей для прогнозирования",0.2
"Проектировать архитектуру внедрения","Создание плана внедрения ERP с учетом требований заказчика",0.2
"Документировать процессы","Создание технической документации для разработчиков и пользователей",0.2
"Улучшать UX на основе данных","Внедрение изменений на основе анализа поведения и отзывов пользователей",0.2
"Поддерживать работу системы","Устранение ошибок и обновление конфигурации",0.2
"Анимировать 3D-объекты","Создание 2D-анимации",0.3
"Оптимизировать пользовательский опыт","Анализ поведения пользователей и предложение улучшений интерфейса",0.3
"Вести переговоры с клиентами","Подготовка коммерческих предложений и заключение договоров",0.3
"Оптимизировать токенизацию для больших данных","Использование эффективных алгоритмов для обработки текстовых массивов",0.3
"Масштабировать приложения","Настройка автоматического масштабирования под нагрузку",0.3
"Работать с данными в ERP","Анализ отчетов и управление данными внутри системы",0.3
"Обслуживать рабочие станции","Установка и настройка ПО, устранение неисправностей",0.3
"Разрабатывать эффективные алгоритмы","Создание решений для задач сортировки, поиска, оптимизации",0.3
"Обеспечивать стабильность тестовой среды","Подготовка тестового стенда и данных",0.3
"Проявлять гибкость в команде","Готовность адаптироваться к изменениям и новым ролям",0.3
"Управлять проектами в сфере IT","Контроль сроков выполнения задач и распределение ресурсов команды",0.3
"Электромагнетизм","Понимание принципов работы радиочастотных систем",0.3
"Синтезирует новое содержание и рефлексивн","Разрабатывать новые функции ПО",0.3
"Документировать изменения","Фиксация оптимизаций и их влияния на систему",0.3
"Интегрировать PostgreSQL с приложениями","Подключение базы данных к backend-приложениям Python, Java, PHP",0.3
"Разрабатывать диаграммы развертывания","Описание физической архитектуры системы серверы, устройства",0.3
"Анализировать требования к ПО","Формализация и управление требованиями заказчика",0.3
"Дифференциальные уравнения","Моделирование динамических систем",0.3
"Масштабировать приложения","Настройка автоматического масштабирования под нагрузку",0.3
"Вдохновлять других на творчество","Поддержка команды в поиске креативных решений",0.3
"Обучаться новым инструментам","Освоение базовых инструментов анализа данных и проектирования",0.3
"Взаимодействовать с разработчиками","Передача макетов и контроль их реализации на этапе разработки",0.3
"Документировать облачные архитектуры","Создание схем и описаний облачных решений для команды",0.3
"Опытный Java-разработчик","Junior Java разработчик",0.3
"Работать с базами данных","Использование SQL, NoSQL, ORM для хранения и обработки данных",0.3
"Обеспечивать доступность системы","Установка требований к времени работы и доступности сервиса",0.3
"Вовлекать команду в управление рисками","Распределение ответственности за мониторинг и контроль рисков",0.3
"Управлять изменениями в организации","Снижение сопротивления сотрудников и адаптация к новым процессам",0.3
"Разрабатывать внешние отчеты и обработки","Создание дополнительных инструментов для анализа данных",0.3
"Настраивать виртуальное окружение","Работа с virtualenv, venv для управления зависимостями",0.3
"Обучаться новым инструментам","Освоение новых программ и технологий для улучшения навыков",0.3
"Деплоить проекты","Развертывание приложений на облачных платформах AWS, Heroku, DigitalOcean",0.3
"Математический анализ","Проведение исследований с использованием рядов, интегралов ",0.3
"Тестировать ERP-системы","Проверка работоспособности и выявление ошибок перед запуском",0.3
"Тестировать Use Cases","Проверка реализации сценариев через функциональное тестирование",0.3
"Писать код на Python","Создание  скриптов и приложений с использованием базовых конструкций языка",0.3
"Объяснять результаты неспециалистам","Перевод технических выводов в понятные бизнес-рекомендации",0.3
"Отслеживать работу системы после внедрения","Выявление и устранение проблем на этапе эксплуатации",0.3
"Тестировать функционал CRM","Проверка работоспособности настроек и исправление ошибок",0.3
"Понимать принципы инклюзии","Адаптировать интерфейсы для доступности",0.3
"Соблюдать нормативные требования","Соответствие GDPR, CCPA, другим регламентам по защите данных",0.3
"Осуществлять сопровождение печати","Контролировать процесс публикации",0.3
"Разрабатывать асинхронные API","Создание RESTful, GraphQL API с поддержкой асинхронных запросов",0.3
"Создавать анимации и эффекты","Использование CSS и JavaScript для добавления анимаций на страницу",0.3
"Анализировать данные АСУ","Использование аналитических инструментов для мониторинга и улучшения процессов",0.4
"Использовать ИКТ","Автоматизировать тестирование",0.4
"Обучать пользователей работе с 1С","Проведение тренингов и создание инструкций для сотрудников заказчика",0.4
"Работать с n-граммами","Создание последовательностей слов, символов для анализа",0.4
"Коммуницировать с заинтересованными сторонами","Регулярное информирование клиентов и руководства о прогрессе",0.4
"Управлять своим временем","Соблюдать дедлайны проектов",0.4
"Устанавливать серверное ПО","Использование скриптов автоматизации для установки серверного ПО",0.4
"Разрабатывать многопоточные приложения","Использование потоков и синхронизации для параллельных задач",0.4
"Интегрировать сторонние библиотеки","Подключение и настройка сторонних инструментов",0.4
Визуализировать идеи","Перевод абстрактных концепций в понятные схемы, эскизы, прототипы",0.4
"Осуществлять автоматическое тестирование","Знаком с концепцией автоматического тестирования",0.4
"Работать с многопоточностью","Создание многопоточных приложений с использованием POSIX Threads",0.4
"Оценивать вклад участников","Признание заслуг других и конструктивная обратная связь",0.4
"Документировать свои проекты","Описание кода и создание README-файлов для своих работ",0.4
"Переводить тексты","Выполнение базового перевода документов, материалов",0.4
"Читать и анализировать чужой код","Понимание и доработка кода сторонних разработчиков",0.4
"Обрабатывать большие объемы данных","Подготовка данных для визуализации с помощью Pandas, SQL",0.4
"Сотрудничать с командой и заказчиком","Постоянная коммуникация для достижения целей проекта",0.4
"Документировать результаты","Фиксация данных о производительности и рекомендаций по оптимизации",0.4
"Интегрировать подсистемы АСУ","Объединение различных модулей системы в единое целое",0.4
"Документировать бизнес-логику","Объяснение правил и процессов, реализованных в коде",0.4
"Адаптировать ПО под рынки","Тестирование адаптированного ПО на соответствие региональным стандартам",0.4
"Автоматизировать задачи","Написание скриптов для выполнения повторяющихся операций",0.4
"Оптимизировать процессы продаж","Использование подходов для улучшения продаж",0.4
"Взаимодействовать с заинтересованными сторонами","Поддержание коммуникации с заказчиками и командой",0.4
"Работать с NLP и компьютерным зрением","Создание решений для обработки текста и изображений",0.4
"Обеспечивать отказоустойчивость","Обработка ошибок и повторные попытки выполнения задач",0.4
"Теория информации","Разработка протоколов передачи данных",0.4
"Работать с облачными сервисами","Использование AWS, Google Cloud, Azure для хранения и анализа данных",0.4
"Математическое моделирование","Применение методов высшей математики",0.4
"Разработчик мобильных приложений","Создание  приложений для демонстрации базовых функций",0.4
"Документировать Use Cases","Создание понятных текстовых описаний для разработчиков и тестировщиков",0.4
"Обрабатывать асинхронные операции","Использование Promises, async/await для работы с API",0.4
"Использовать ИКТ","Разрабатывать веб-приложения",0.4
"Управлять облачными ресурсами","Работа с AWS, Google Cloud, Azure для хостинга и масштабирования",0.4
"Общаться с командой разработки","Передача информации от заказчика к разработчикам",0.4
"Понимает принципы групповой динамики","Проводить ретроспективы",0.1
"Инженерная графика","Работа с программами для моделирования и визуализации",0.4
"Объяснять алгоритмы другим","Четкое изложение логики работы алгоритмов для команды",0.4
"Курс предназначен для начинающих программистов.","Программа ориентирована на продвинутых специалистов.",0.4
"Обрабатывать ошибки и исключения","Написание кода с учетом возможных сбоев и их обработки",0.4
"Автоматизировать отчеты","Создание автоматических обновлений для графиков",0.4
"Создавать анимации и эффекты","Использование CSS и JavaScript для добавления анимаций на страницу",0.3
"Анализировать потребности бизнеса","Определение целей и задач для внедрения информационной системы",0.4
"Использовать инструменты для IDEF1X","Работа с ERwin, CA ERwin Data Modeler",0.4
"Документировать риски и меры","Фиксация всех выявленных рисков и предпринятых шагов по их управлению",0.4
"Тестировать UI-решения","Проверка удобства и функциональности интерфейса на реальных пользователях",0.4
"Составлять прогноз социально-экономических показателей","Прогнозировать эффект от автоматизации",0.4
"Писать спецификации для API","Написание документации",0.4
"Оптимизировать работу АСУ","Настройка параметров для повышения эффективности и производительности",0.5
"Осуществлять тестирование ИС","Проверять качество релизов",0.5
"Использовать профессиональный словарь","Применение терминологии, связанной с вашей областью деятельности",0.5
"Решать задачи компьютерного зрения","Разработка моделей для классификации изображений, детекции объектов",0.5
"Анализировать аудиторию","Выбор подходящих типов визуализации для целевой аудитории",0.5
"Проводить анализ требований","Использование инструментов управления требованиями Jira, Confluence",0.5
"Внедрять системы в эксплуатацию","Обучение пользователей и поддержка при переходе на новую систему",0.5
"Проектирует решение задачи с учетом норм и ресурсов","Оптимизировать код в рамках бюджета",0.5
"Работать с нормативными требованиями","Соблюдение стандартов GDPR, ISO, ГОСТ и других регламентов",0.5
"Внедрять CRM-системы","Настройка системы под потребности отдела продаж и маркетинга",0.5
"Планировать и реализовывать профессиональное развитие","Изучать новые дизайн-тренды",0.5
"Формулировать требования к поддержке","Описание условий обслуживания, обновлений и документации",0.5
"Работать с API","Интеграция внешних сервисов через RESTful API и GraphQL",0.5
"Разрабатывать игры, графические приложения","Использование библиотек SFML, OpenGL для создания игр, графики",0.5
"Адаптировать приложения под устройства","Оптимизация интерфейса и функционала под разные экраны и ОС",0.5
"Оптимизировать производительность приложений","Поиск узких мест и улучшение скорости работы программы",0.6
"Администратор баз данных","Миграция данных между различными СУБД и версиями баз данных",0.6
"Оптимизировать процессы в 1С:ERP","Улучшение производительности и автоматизация задач",0.6
"Выбирать подходящие системы","Сравнение решений под требования компании",0.6
"Планировать предпринимательскую деятельность","Разрабатывать бизнес-план стартапа",0.6
"Минимизировать отвлекающие факторы","Устранение внешних помех для фокусировки",0.6
"Оптимизировать процессы разработки","Внедрение Agile, Scrum, Kanban для повышения эффективности",0.6
"Разрабатывать политики безопасности","Создание правил и процедур для обеспечения защиты данных",0.6
"Формулирует взаимосвязанные задачи для достижения цели","Ставить задачи команде разработчиков",0.6
"Работать с политиками конфиденциальности","Создание и внедрение правил для защиты персональных данных",0.6
"Автоматизировать бизнес-процессы","Внедрение цифровых решений для оптимизации рутинных операций",0.6
"Проектировать интерьеры помещений","Создание 3D-визуализаций и согласование дизайна с заказчиком",0.6
"Проводить аудит безопасности данных","Анализ уязвимостей и проверка соответствия стандартам",0.6
"Численные методы","Оптимизация алгоритмов в MATLAB",0.6
"Управлять изменениями в проекте","Контроль влияния изменений требований на сроки и бюджет",0.6
"Использовать стандартную библиотеку Java","Применение коллекций, потоков ввода-вывода и многопоточности",0.6
"Тестировать функциональные требования","Создание тестов для проверки реализации каждого требования",0.9
"Координировать действия с коллегами","Синхронизация усилий для достижения общей цели",0.6
"Управлять зависимостями","Контроль библиотек и внешних сервисов",0.6
"Работать с нормативными требованиями","Соблюдение стандартов GDPR, ISO и других регламентов",0.6
"Реализовывать алгоритмы на языке программирования","Написание кода для классических алгоритмов",0.6
"Оказывать юридическую консультацию","Разработка договоров и правовых документов для бизнеса",0.6
"Отлаживать программы","Использование инструментов отладки для поиска ошибок",0.6
"Обеспечивать кросс-браузерность","Тестирование и адаптация кода под разные браузеры",0.6
"Оптимизировать набор тест-кейсов","Удаление дублирующих, устаревших тестов",0.6
"Создавать use-case диаграммы","Описание функциональных требований через акторов и случаи использования",0.6
"Планировать выполнение работ по макету","Ставить сроки для дизайна",0.6
"Читать профессиональную литературу","Понимание технической документации, статей, руководств на английском",0.6
"Покрывать функциональность тестами","Создание тест-кейсов для всех основных функций системы",0.6
"Оценивать технические риски","Анализ вероятности сбоев в работе ПО, оборудования, инфраструктуры",0.6
"Оптимизировать затраты на облачные сервисы","Мониторинг и оптимизация расходов на использование ресурсов",0.6
"Выявлять узкие места","Поиск проблем в системе, возникающих при высокой нагрузке",0.6
"Создавать UML-диаграммы","Моделирование классов, последовательностей и активностей",0.6
"Использовать NoSQL базы данных","Работа с MongoDB, Redis, Cassandra",0.6
"Разрабатывать стратегию цифровой трансформации","Создание плана перехода на цифровые технологии",0.6
"Анализировать требования","Оценка полноты, согласованности и реализуемости требований",0.6
"Тестировать на отказоустойчивость","Проверка системы на способность работать при сбоях, повышенной нагрузке",0.6
"Участвовать в совместном принятии решений","Вклад в обсуждение и поиск оптимальных решений",0.6
"Внедрять ERP-системы","Настройка и интеграция системы под бизнес-процессы компании",0.6
"Обрабатывать формы и данные","Валидация и безопасная обработка пользовательского ввода",0.6
"Проводит критический анализ различных источников информации","Проверять качество технической документации",0.6
"Разрабатывает техническую документацию","Писать API-спецификации",0.6
"Планировать задачи","Создание четкого плана на день, неделю, месяц с приоритетами",0.6
"Документировать каждый этап","Создание подробной документации для всех этапов жизненного цикла",0.6
"Работать с ERP-системами","Настройка и внедрение 1С, SAP и прочих корпоративных решений",0.6
"Тестировать мобильные приложения","Выполнение функционального, нагрузочного и юзабилити-тестирования",0.6
"Собирать и очищать данные","Извлечение данных из различных источников и их предварительная обработка",0.6
"Мониторить угрозы","Отслежнивание подозрительной активности",0.7
"Создавать прототипы","Разработка кликабельных прототипов в Figma, Adobe XD для тестирования концепций",0.7
"Использовать инструменты нагрузочного тестирования","Работа с JMeter, LoadRunner, Gatling, аналогами",0.7
"Разрабатывать программное обеспечение","Написание кода в соответствии с утвержденным дизайном",0.7
"Мониторить облачные ресурсы","Использование инструментов мониторинга облака",0.7
"Анализировать рынок IT-услуг","Использование инструментов анализа данных для исследования рынка",0.7
"Разрабатывать технические решения","Проектирование систем автоматизации на основе требований заказчика",0.7
"Анализировать требования","Сбор и формализация требований заказчика для разработки ПО",0.7
"Обеспечивать визуальную согласованность","Использование гайдлайнов и стилевых правил для единообразия",0.7
"Мониторить риски","Отслеживание выявленных рисков и их динамики",0.7
"Фиксировать требования на старте","Сбор и документирование всех требований перед началом разработки",0.7
"Автоматизировать документооборот","Разработка и внедрение систем автоматизации документооборота",0.7
"Обрабатывать данные для обучения","Предобработка изображений, текстов, временных рядов",0.7
"Оптимизировать производительность","Уменьшение времени отклика и минимизация нагрузки на сервер",0.7
"Классифицировать тесты по типам","Разделение тест-кейсов на функциональные, регрессионные и нагрузочные",0.7
"Инженерная графика","Проектирование деталей и узлов для машиностроения и строительства",0.7
"Интегрировать базы данных с приложениями","Подключение баз данных к backend-системам",0.7
"Писать чистый JavaScript","Создание функционального кода без использования сторонних библиотек",0.7
"Защищать от кибератак","Настройка брандмауэров, антивирусов и систем обнаружения вторжений",0.7
"Опытный Java-разработчик","Оптимизация производительности Java-приложений и работа с многопоточностью",0.7
"Работать с микросервисами","Разработка и интеграция микросервисов",0.7
"Анализировать результаты кластеризации","Интерпретация групп данных и их значимости для бизнеса",0.7
"Автоматизировать документооборот","Интеграция системы документооборота",0.7
"Обрабатывать неструктурированные данные","Очистка и нормализация текста токенизация, лемматизация",0.7
"Работать с Product Backlog","Формирование, приоритизация и уточнение задач в бэклоге продукта",0.7
"Разрабатывать дашборды","Создание интерактивных панелей в Tableau, Power BI, Google Data Studio",0.7
"Обрабатывать большие объемы текстовых данных","Использование Big Data инструментов для анализа текстов",0.7
"Защищать от кибератак","Настройка брандмауэров, антивирусов и систем обнаружения вторжений IDS",0.7
"Экспериментировать с решениями","Тестирование новых идей без страха ошибок",0.7
"Проектировать архитектуру АСУ","Разработка структуры системы для автоматизации бизнес-процессов",0.7
"Тестировать UX-решения","Проведение тестирования и анализ результатов для улучшения интерфейсов",0.7
"Документировать разработку","Создание технической документации для разработчиков и пользователей",0.7
"Переносить локальную инфраструктуру в облако","Миграция данных и приложений из локальной среды в облачную",0.7
"Управлять версиями кода","Эффективная работа с Git для контроля изменений и совместной разработки",0.7
"Определять последствия рисков","Оценка влияния рисков на проект, бизнес, систему",0.7
"Использовать структуры данных","Применение массивов, списков, деревьев, графов и хэш-таблиц",0.7
"Администрировать PostgreSQL","Настройка пользователей, ролей и прав доступа к базе данных",0.7
"Выполнять задачи в условиях жестких дедлайнов","Соблюдение сроков разработи проекта",0.7
"Настраивать учетные операции","Автоматизация финансового, управленческого и складского учета",0.7
"Общаться в письменной форме","Написание четких и грамотных писем, отчетов, сообщений",0.7
"Использовать диаграммы состояний","Моделирование жизненного цикла объектов в системе",0.8
"Писать объектно-ориентированный код","Создание классов, интерфейсов и реализация принципов ООП",0.8
"Разрабатывать алгоритмы","Создание оптимальных решений для обработки данных и выполнения задач",0.8
"Интерпретировать данные через визуализацию","Объяснение данных через понятные визуальные элементы",0.8
"Анализировать результаты тестов","Оценка метрик время отклика, пропускная способность, отказы",0.8
"Тестировать функционал ПО","Проверка работы системы на соответствие требованиям",0.8
"Использовать информационные технологии","Использование IT-инструментов для повседневной работы",0.8
"Применяет методы финансового планирования","Оценивать бюджет разработки",0.8
"Разрабатывать информационные системы","Проектирование и внедрение систем для автоматизации бизнес-процессов",0.8
"Работать с API","Создание RESTful API, интеграция с внешними сервисами",0.8
"Инженерная графика и черчение","Умение работать в AutoCAD",0.8
"Интегрировать с другими системами","Подключение 1С:ERP к CRM, WMS, внешним сервисам",0.8
"Автоматизировать процессы","Применение технологий для ускорения процессов",0.8
"Взаимодействие между отделами","Координация работы различных подразделений",0.8
"Использовать языки программирования","Применение Python, Java, C++",0.8
"Оптимизировать код","Поиск и устранение узких мест для повышения производительности программы",0.8
"Проектировать удобные интерфейсы","Создание интуитивно понятных и простых в использовании UI/UX",0.8
"Создавать Use Cases","Описание взаимодействия пользователя с системой через сценарии использования",0.8
"Проектировать архитектуру системы","Разработка структуры и интеграции модулей информационной системы",0.8
"Создавать сценарии нагрузки","Моделирование пользовательских действий для проверки системы под нагрузкой",0.8
"Использовать очереди задач","Реализация очередей для управления задачами",0.8
"Внедрять программное обеспечение","Устанавливать и кофигурировать программное обеспечение ",0.8
"Проверять полноту требований","Убедиться, что все аспекты проекта покрыты требованиями",0.9
"Публиковать приложения в магазины","Отправка приложений в App Store и Google Play",0.9
"Управлять сетевой инфраструктурой","Конфигурирование маршрутизаторов, коммутаторов и брандмауэров",0.9
"Использовать сканирование объектов","Перевод реальных объектов в цифровые модели через 3D-сканирование",0.9
"Очищать и предобрабатывать данные","Удаление дубликатов, обработка пропусков и нормализация данных",0.9
"Писать качественный код","Соблюдение принципов clean code и использование паттернов проектирования",0.9
"Развертывать приложения в облаке","Использование AWS, Google Cloud, Azure для хостинга и масштабирования",0.9
"Обеспечивать согласованность UML-диаграмм","Синхронизация различных типов диаграмм для целостности проекта",0.9
"Составлять четкие тест-кейсы","Описание шагов, ожидаемых результатов и критериев успеха",0.9
"Выполнять настройку параметров печати","Калибровать цвета для вывода",0.9
"Проектировать базы данных","Создание структуры таблиц, связей и нормализация данных",0.9
"Квантовая механика","Опыт работы с квантовыми вычислениями",0.9
"Переводить тексты","Выполнение перевода документов, материалов",0.9
"Проектирование базы данных","Создание ER-диаграмм и проектирование структуры баз данных",0.9
"Использовать метрики Agile","Отслеживание скорости команды, burndown-чартов и других показателей",0.9
"Обучать сотрудников кибербезопасности","Проведение тренингов по распознаванию фишинга",0.9
"Изучать новые фреймворки","Исследование и тестирование новых фреймворков",0.9
"Тестировать функциональные требования","Создание тестов для проверки реализации каждого требования",0.9
"Обеспечивать безопасность кода","Защита от уязвимостей",0.9
"Документировать результаты тестирования","Фиксация фактических результатов и выявление дефектов",0.9
"Разбираться в базах данных","Понимание структуры таблиц и SQL-запросов",0.9
"Разрабатывать системное ПО","Создание драйверов, операционных систем, встраиваемых систем",0.9
"Использовать системы контроля версий","Работа с Git для управления изменениями в коде",0.9
"Работать в условиях многозадачности","Выполнение нескольких задач одновременно",0.9
"Выполнять базовую токенизацию","Разделение текста на слова, символы, предложения",0.9
"Планировать этапы разработки","Определение целей, задач и сроков для каждого этапа SDLC",0.9
"Описывать функциональность системы","Четкое определение действий, которые система должна выполнять",0.9
"Проектировать визуальные элементы","Создание кнопок, меню, форм и других интерактивных компонентов",0.9
"Управлять версиями ПО","Использование Git для контроля изменений в коде",0.9
"Проводить юзабилити-тестирование","Оценка удобства интерфейса через тесты",0.9
"Общаться на бытовые темы","Ведение разговора на повседневные темы с коллегами, клиентами",0.9
"Писать комментарии в коде","Добавление понятных и кратких комментариев для участков кода",0.9
"Формировать готовое техническое задание","Составлять ТЗ для интерфейса",0.9
"Разрабатывать модели ИИ","Создание алгоритмов машинного обучения и глубокого обучения",0.9
"Идентифицировать риски","Выявление потенциальных угроз и слабых мест в проекте, процессе",0.9
"Эффективно доносить информацию","Четкое и понятное изложение мыслей в устной и письменной форме",0.9
"Готовиться к переговорам","Сбор информации и определение целей перед встречей",0.9
"Ставить задачи команде разработчиков","Обеспечение задач командой разработчиков",0.9
"Поддерживать позитивную атмосферу","Создание комфортной среды для продуктивной работы",0.9
"Общаться на бытовые темы","Ведение разговора на повседневные темы с коллегами, клиентами",0.9
"Идентифицировать риски","Выявление потенциальных угроз и слабых мест в проекте, процессе",0.9
"Развертывать приложения в облаке","Использование AWS, Google Cloud, Azure для хостинга и масштабирования",0.9
"Создавать базы данных","Проектирование реляционных и нереляционных баз данных",1.0
"Работать с библиотеками и фреймворками","Использование готовых инструментов для ускорения разработки",1.0
"Тестировать ПО","Выполнение функционального, регрессионного и нагрузочного тестирования",1.0
"Разрабатывать гипотезы","Построение предположений и проверка их на основе данных",1.0
"Управлять бюджетом проекта","Планирование и контроль расходов в рамках выделенных средств",1.0
"Резервировать данные","Создание регулярных backup'ов",1.0
"Настраивать облачные сервисы","Развертывание и настройка облачных инфраструктур AWS, Azure, Google Cloud",1.0
"Выполнять этапы последовательно","Строгая последовательность выполнения этапов без возврата к предыдущим",1.0
"Анализировать профилирование кода","Использование инструментов например, Profiler для выявления проблем",1.0
"Обеспечивать поддержку и сопровождение","Исправление ошибок и доработка функционала после выпуска",1.0
"Обучать клиентов использованию продукта","Проведение инструктажей, демонстраций функционала",1.0
"Создавать BPMN-диаграммы","Моделирование бизнес-процессов в нотации BPMN для их визуализации",1.0
"Анализировать тренды","Использование актуальных тенденций в разработке новых концепций",1.0
"Контролировать KPI процессов","Мониторинг ключевых показателей для оценки эффективности",1.0
"Обучать нейронные сети","Создание и настройка глубоких нейронных сетей для  задач",1.0
"Приоритизировать риски","Ранжирование рисков по уровню критичности",1.0
"Учитывать граничные условия","Тестирование работы системы на предельных значениях входных данных",1.0
"Настраивать и кастомизировать ПО","Адаптация системы под специфику бизнес-процессов",1.0
"Оптимизировать гиперпараметры","Настройка параметров для улучшения модели",1.0
"Разрабатывать логическую модель данных","Описание данных без привязки к конкретной СУБД",1.0
"Разрабатывать API","Проектирование RESTful, GraphQL API для взаимодействия между сервисами",1.0
"Определять акторов системы","Идентификация пользователей, внешних систем, взаимодействующих с системой",1.0
"Мониторить риски","Постоянное отслеживание выявленных рисков",1.0
"Оптимизировать визуальное восприятие","Применение принципов минимализма и акцентирования ключевых данных",1.0
"Убеждать и аргументировать","Использование логики и фактов для поддержки своей позиции",1.0
"Оптимизировать производительность приложений","Повышение скорости работы программы",1.0
"Устанавливать дедлайны","Определение реальных сроков выполнения задач",1.0
"Оптимизировать автотесты","Улучшение производительности и стабильности тестовых сценариев",1.0
"Проводить аудит безопасности","Анализ системы на наличие уязвимостей и их устранение",1.0
"Работать с дизайн-системами","Создание и поддержка библиотек компонентов для согласованности дизайна",1.0
"Проводить юзабилити-тестирование","Оценка удобства интерфейса через тесты с реальными пользователями",1.0
"Разрабатывать модульную структуру","Организация кода в виде компонентов для удобства поддержки",1.0
"Выполнять рендеринг","Подготовка финальных изображений, видеороликов в высоком качестве",1.0
"Тестировать информационные системы","Проверка работоспособности и выявление ошибок перед запуском",1.0
"Описывать функции и модули","Четкое указание входных данных, выходных данных и целей функций",1.0
"Интегрировать API","Подключение внешних сервисов к приложению",1.0
"Тестировать программное обеспечение","Написание unit-тестов, интеграционных тестов и автоматизация проверок",1.0
"Обрабатывать события в реальном времени","Работа с WebSocket, Server-Sent Events для мгновенных обновлений",1.0
"Работать с морфологическими токенизаторами","Разделение текста с учетом языковых особенностей",1.0
"Разрабатывать чат-боты","Создание диалоговых систем на основе NLP-моделей",1.0
"Приоритизировать требования","Распределение задач по важности",1.0
"Обеспечивать кибербезопасность","Разработка и внедрение комплексных стратегий защиты информационных систем",1.0
"Реализация математического моделирования","Разработка математических моделей для решения прикладных задач",1.0
"Обучать сотрудников работе с CRM","Проведение тренингов для использования CRM",1.0
"Описывать нефункциональные требования","Учет производительности, безопасности, масштабируемости и удобства",1.0
"Создавать BPMN-диаграммы","Моделирование бизнес-процессов в нотации BPMN",1.0
"Писать тест-кейсы","Создание инструкций для тестов",1.0
"Защищать данные в облаке","Настройка шифрования и контроля доступа в облачных хранилищах",1.0
"Обучать пользователей 1С:ERP","Проведение тренингов для сотрудников по работе с 1С:ERP",1.0
"Осуществлять тестирование интерфейсов","Написание unit-тестов и проведение кросс-браузерного тестирования",1.0
"Использовать инструменты анализа данных","Применение SQL, Excel, Power BI для анализа и визуализации данных",1.0
"Понимать устную речь","Восприятие информации из подкастов, видео, живой речи",1.0
"Разрабатывать требования к удобству использования","Описание UX/UI-критериев для удобства пользователей",1.0
"Разработать сложное веб-приложение на React с адаптивностью.","Провести точную операцию на открытом сердце с подготовкой.",0.0
"Оптимизировать высоконагруженную производительность базы данных MySQL.","Спроектировать детальный чертеж небоскреба с расчетами.",0.0
"Настроить автоматизированный CI/CD для сборки кода ежедневно.","Провести тщательный химический анализ почвы в лаборатории.",0.0
"Реализовать продвинутый алгоритм машинного обучения с тестированием.","Составить подробный план озеленения парка с эскизами.",0.0
"Интегрировать безопасный API платежной системы в проект.","Диагностировать сложное генетическое заболевание с использованием генома.",0.0
"Создать эффективный скрипт для парсинга данных из источников.","Рассчитать устойчивую нагрузку на мостовую конструкцию точно.",0.0
"Провести тщательное тестирование безопасности сети с отчетом.","Разработать уникальный дизайн интерьера офиса с визуализацией.",0.0
"Настроить надежный сервер для облачного хранилища данных.","Провести кропотливую реставрацию исторического здания с экспертизой.",0.0
"Разработать функциональное мобильное приложение на Kotlin для пользователей.","Оценить высокое качество урожая на ферме с анализом.",0.0
"Автоматизировать быструю обработку логов системы с уведомлениями.","Составить сбалансированное меню для диетического питания клиентов.",0.0
"Разработать масштабируемую систему управления контентом на Python.","Провести сложную трансплантацию почки с высокой точностью.",0.0
"Настроить защищенную виртуальную сеть для удаленной работы.","Спроектировать прочную систему водоснабжения здания с чертежами.",0.0
"Оптимизировать сложные запросы к распределенной базе данных.","Создать детализированную архитектурную модель храма с визуализацией.",0.0
"Реализовать надежный механизм кэширования данных в приложении.","Приготовить изысканное блюдо высокой кухни с декором.",0.0
"Интегрировать многофункциональный чат-бот в корпоративный портал.","Осуществить точный замер геодезических параметров участка земли.",0.0
"Создать автоматизированный инструмент для анализа кода с отчетами.","Разработать эргономичную мебель для офиса с прототипом.",0.0
"Провести детальный аудит уязвимостей в серверной инфраструктуре.","Поставить правильный диагноз с использованием рентгеновских снимков.",0.0
"Настроить высокопроизводительный кластер для обработки потоков данных.","Составить грамотный план раскопок археологического объекта с картой.",0.0
"Разработать интерактивный интерфейс для управления умным домом.","Провести качественную экспертизу строительных материалов на прочность.",0.0
"Автоматизировать развертывание микросервисов с использованием Docker.","Создать уникальную цветочную композицию для выставки с дизайном.",0.0